<?xml version="1.0" encoding="UTF-8"?>
<ProgramExecution>
 <SOPCSystem>
  <CompileID>0</CompileID>
  <DeviceFamily>CYCLONEII</DeviceFamily>
  <HDLLanguage>VERILOG</HDLLanguage>
  <SOPCModule>
   <C>291</C>
   <ModuleType>non_altera_module</ModuleType>
   <SOPCInterface>
    <C>292</C>
    <InterfaceType>clock_end</InterfaceType>
    <SOPCInterfaceParameter>
     <C>293</C>
     <Name>clockRate</Name>
     <Value>50000000</Value>
    </SOPCInterfaceParameter>
    <SOPCInterfaceParameter>
     <C>294</C>
     <Name>externallyDriven</Name>
     <Value>false</Value>
    </SOPCInterfaceParameter>
    <SOPCInterfaceParameter>
     <C>295</C>
     <Name>ptfSchematicName</Name>
     <Value></Value>
    </SOPCInterfaceParameter>
    <SOPCPort>
     <C>296</C>
     <Direction>Input</Direction>
     <Role>clk</Role>
     <Width>1</Width>
    </SOPCPort>
   </SOPCInterface>
   <SOPCInterface>
    <C>297</C>
    <InterfaceType>reset_end</InterfaceType>
    <SOPCInterfaceParameter>
     <C>298</C>
     <Name>associatedClock</Name>
     <Value></Value>
    </SOPCInterfaceParameter>
    <SOPCInterfaceParameter>
     <C>299</C>
     <Name>synchronousEdges</Name>
     <Value>NONE</Value>
    </SOPCInterfaceParameter>
    <SOPCPort>
     <C>300</C>
     <Direction>Input</Direction>
     <Role>reset_n</Role>
     <Width>1</Width>
    </SOPCPort>
   </SOPCInterface>
   <SOPCInterface>
    <C>301</C>
    <InterfaceType>clock_start</InterfaceType>
    <SOPCInterfaceParameter>
     <C>302</C>
     <Name>associatedDirectClock</Name>
     <Value>clk_in</Value>
    </SOPCInterfaceParameter>
    <SOPCInterfaceParameter>
     <C>303</C>
     <Name>clockRate</Name>
     <Value>50000000</Value>
    </SOPCInterfaceParameter>
    <SOPCInterfaceParameter>
     <C>304</C>
     <Name>clockRateKnown</Name>
     <Value>true</Value>
    </SOPCInterfaceParameter>
    <SOPCInterfaceParameter>
     <C>305</C>
     <Name>externallyDriven</Name>
     <Value>true</Value>
    </SOPCInterfaceParameter>
    <SOPCInterfaceParameter>
     <C>306</C>
     <Name>ptfSchematicName</Name>
     <Value></Value>
    </SOPCInterfaceParameter>
    <SOPCPort>
     <C>307</C>
     <Direction>Output</Direction>
     <Role>clk</Role>
     <Width>1</Width>
    </SOPCPort>
   </SOPCInterface>
   <SOPCInterface>
    <C>308</C>
    <InterfaceType>reset_start</InterfaceType>
    <SOPCInterfaceParameter>
     <C>309</C>
     <Name>associatedClock</Name>
     <Value></Value>
    </SOPCInterfaceParameter>
    <SOPCInterfaceParameter>
     <C>310</C>
     <Name>associatedDirectReset</Name>
     <Value>clk_in_reset</Value>
    </SOPCInterfaceParameter>
    <SOPCInterfaceParameter>
     <C>311</C>
     <Name>associatedResetSinks</Name>
     <Value>clk_in_reset</Value>
    </SOPCInterfaceParameter>
    <SOPCInterfaceParameter>
     <C>312</C>
     <Name>synchronousEdges</Name>
     <Value>NONE</Value>
    </SOPCInterfaceParameter>
    <SOPCPort>
     <C>313</C>
     <Direction>Output</Direction>
     <Role>reset_n</Role>
     <Width>1</Width>
    </SOPCPort>
   </SOPCInterface>
  </SOPCModule>
  <SOPCModule>
   <C>314</C>
   <ModuleType>altera_nios2</ModuleType>
   <SOPCModuleParameter>
    <C>315</C>
    <Name>userDefinedSettings</Name>
    <Value></Value>
   </SOPCModuleParameter>
   <SOPCModuleParameter>
    <C>316</C>
    <Name>tightlyCoupledInstructionMaster3MapParam</Name>
    <Value></Value>
   </SOPCModuleParameter>
   <SOPCModuleParameter>
    <C>317</C>
    <Name>tightlyCoupledInstructionMaster3AddrWidth</Name>
    <Value>1</Value>
   </SOPCModuleParameter>
   <SOPCModuleParameter>
    <C>318</C>
    <Name>tightlyCoupledInstructionMaster2MapParam</Name>
    <Value></Value>
   </SOPCModuleParameter>
   <SOPCModuleParameter>
    <C>319</C>
    <Name>tightlyCoupledInstructionMaster2AddrWidth</Name>
    <Value>1</Value>
   </SOPCModuleParameter>
   <SOPCModuleParameter>
    <C>320</C>
    <Name>tightlyCoupledInstructionMaster1MapParam</Name>
    <Value></Value>
   </SOPCModuleParameter>
   <SOPCModuleParameter>
    <C>321</C>
    <Name>tightlyCoupledInstructionMaster1AddrWidth</Name>
    <Value>1</Value>
   </SOPCModuleParameter>
   <SOPCModuleParameter>
    <C>322</C>
    <Name>tightlyCoupledInstructionMaster0MapParam</Name>
    <Value></Value>
   </SOPCModuleParameter>
   <SOPCModuleParameter>
    <C>323</C>
    <Name>tightlyCoupledInstructionMaster0AddrWidth</Name>
    <Value>1</Value>
   </SOPCModuleParameter>
   <SOPCModuleParameter>
    <C>324</C>
    <Name>tightlyCoupledDataMaster3MapParam</Name>
    <Value></Value>
   </SOPCModuleParameter>
   <SOPCModuleParameter>
    <C>325</C>
    <Name>tightlyCoupledDataMaster3AddrWidth</Name>
    <Value>1</Value>
   </SOPCModuleParameter>
   <SOPCModuleParameter>
    <C>326</C>
    <Name>tightlyCoupledDataMaster2MapParam</Name>
    <Value></Value>
   </SOPCModuleParameter>
   <SOPCModuleParameter>
    <C>327</C>
    <Name>tightlyCoupledDataMaster2AddrWidth</Name>
    <Value>1</Value>
   </SOPCModuleParameter>
   <SOPCModuleParameter>
    <C>328</C>
    <Name>tightlyCoupledDataMaster1MapParam</Name>
    <Value></Value>
   </SOPCModuleParameter>
   <SOPCModuleParameter>
    <C>329</C>
    <Name>tightlyCoupledDataMaster1AddrWidth</Name>
    <Value>1</Value>
   </SOPCModuleParameter>
   <SOPCModuleParameter>
    <C>330</C>
    <Name>tightlyCoupledDataMaster0MapParam</Name>
    <Value></Value>
   </SOPCModuleParameter>
   <SOPCModuleParameter>
    <C>331</C>
    <Name>tightlyCoupledDataMaster0AddrWidth</Name>
    <Value>1</Value>
   </SOPCModuleParameter>
   <SOPCModuleParameter>
    <C>332</C>
    <Name>setting_showUnpublishedSettings</Name>
    <Value>false</Value>
   </SOPCModuleParameter>
   <SOPCModuleParameter>
    <C>333</C>
    <Name>setting_showInternalSettings</Name>
    <Value>false</Value>
   </SOPCModuleParameter>
   <SOPCModuleParameter>
    <C>334</C>
    <Name>setting_shadowRegisterSets</Name>
    <Value>0</Value>
   </SOPCModuleParameter>
   <SOPCModuleParameter>
    <C>335</C>
    <Name>setting_preciseSlaveAccessErrorException</Name>
    <Value>false</Value>
   </SOPCModuleParameter>
   <SOPCModuleParameter>
    <C>336</C>
    <Name>setting_preciseIllegalMemAccessException</Name>
    <Value>false</Value>
   </SOPCModuleParameter>
   <SOPCModuleParameter>
    <C>337</C>
    <Name>setting_preciseDivisionErrorException</Name>
    <Value>false</Value>
   </SOPCModuleParameter>
   <SOPCModuleParameter>
    <C>338</C>
    <Name>setting_performanceCounter</Name>
    <Value>false</Value>
   </SOPCModuleParameter>
   <SOPCModuleParameter>
    <C>339</C>
    <Name>setting_perfCounterWidth</Name>
    <Value>_32</Value>
   </SOPCModuleParameter>
   <SOPCModuleParameter>
    <C>340</C>
    <Name>setting_interruptControllerType</Name>
    <Value>Internal</Value>
   </SOPCModuleParameter>
   <SOPCModuleParameter>
    <C>341</C>
    <Name>setting_illegalMemAccessDetection</Name>
    <Value>false</Value>
   </SOPCModuleParameter>
   <SOPCModuleParameter>
    <C>342</C>
    <Name>setting_illegalInstructionsTrap</Name>
    <Value>false</Value>
   </SOPCModuleParameter>
   <SOPCModuleParameter>
    <C>343</C>
    <Name>setting_fullWaveformSignals</Name>
    <Value>false</Value>
   </SOPCModuleParameter>
   <SOPCModuleParameter>
    <C>344</C>
    <Name>setting_extraExceptionInfo</Name>
    <Value>false</Value>
   </SOPCModuleParameter>
   <SOPCModuleParameter>
    <C>345</C>
    <Name>setting_exportPCB</Name>
    <Value>false</Value>
   </SOPCModuleParameter>
   <SOPCModuleParameter>
    <C>346</C>
    <Name>setting_debugSimGen</Name>
    <Value>false</Value>
   </SOPCModuleParameter>
   <SOPCModuleParameter>
    <C>347</C>
    <Name>setting_clearXBitsLDNonBypass</Name>
    <Value>true</Value>
   </SOPCModuleParameter>
   <SOPCModuleParameter>
    <C>348</C>
    <Name>setting_branchPredictionType</Name>
    <Value>Automatic</Value>
   </SOPCModuleParameter>
   <SOPCModuleParameter>
    <C>349</C>
    <Name>setting_bit31BypassDCache</Name>
    <Value>true</Value>
   </SOPCModuleParameter>
   <SOPCModuleParameter>
    <C>350</C>
    <Name>setting_bigEndian</Name>
    <Value>false</Value>
   </SOPCModuleParameter>
   <SOPCModuleParameter>
    <C>351</C>
    <Name>setting_bhtPtrSz</Name>
    <Value>_8</Value>
   </SOPCModuleParameter>
   <SOPCModuleParameter>
    <C>352</C>
    <Name>setting_bhtIndexPcOnly</Name>
    <Value>false</Value>
   </SOPCModuleParameter>
   <SOPCModuleParameter>
    <C>353</C>
    <Name>setting_avalonDebugPortPresent</Name>
    <Value>false</Value>
   </SOPCModuleParameter>
   <SOPCModuleParameter>
    <C>354</C>
    <Name>setting_alwaysEncrypt</Name>
    <Value>true</Value>
   </SOPCModuleParameter>
   <SOPCModuleParameter>
    <C>355</C>
    <Name>setting_allowFullAddressRange</Name>
    <Value>false</Value>
   </SOPCModuleParameter>
   <SOPCModuleParameter>
    <C>356</C>
    <Name>setting_activateTrace</Name>
    <Value>true</Value>
   </SOPCModuleParameter>
   <SOPCModuleParameter>
    <C>357</C>
    <Name>setting_activateTestEndChecker</Name>
    <Value>false</Value>
   </SOPCModuleParameter>
   <SOPCModuleParameter>
    <C>358</C>
    <Name>setting_activateMonitors</Name>
    <Value>true</Value>
   </SOPCModuleParameter>
   <SOPCModuleParameter>
    <C>359</C>
    <Name>setting_activateModelChecker</Name>
    <Value>false</Value>
   </SOPCModuleParameter>
   <SOPCModuleParameter>
    <C>360</C>
    <Name>setting_HDLSimCachesCleared</Name>
    <Value>true</Value>
   </SOPCModuleParameter>
   <SOPCModuleParameter>
    <C>361</C>
    <Name>setting_HBreakTest</Name>
    <Value>false</Value>
   </SOPCModuleParameter>
   <SOPCModuleParameter>
    <C>362</C>
    <Name>resetSlave</Name>
    <Value>sdram_0.s1</Value>
   </SOPCModuleParameter>
   <SOPCModuleParameter>
    <C>363</C>
    <Name>resetOffset</Name>
    <Value>0</Value>
   </SOPCModuleParameter>
   <SOPCModuleParameter>
    <C>364</C>
    <Name>muldiv_multiplierType</Name>
    <Value>NoneSmall</Value>
   </SOPCModuleParameter>
   <SOPCModuleParameter>
    <C>365</C>
    <Name>muldiv_divider</Name>
    <Value>false</Value>
   </SOPCModuleParameter>
   <SOPCModuleParameter>
    <C>366</C>
    <Name>mpu_useLimit</Name>
    <Value>false</Value>
   </SOPCModuleParameter>
   <SOPCModuleParameter>
    <C>367</C>
    <Name>mpu_numOfInstRegion</Name>
    <Value>8</Value>
   </SOPCModuleParameter>
   <SOPCModuleParameter>
    <C>368</C>
    <Name>mpu_numOfDataRegion</Name>
    <Value>8</Value>
   </SOPCModuleParameter>
   <SOPCModuleParameter>
    <C>369</C>
    <Name>mpu_minInstRegionSize</Name>
    <Value>_12</Value>
   </SOPCModuleParameter>
   <SOPCModuleParameter>
    <C>370</C>
    <Name>mpu_minDataRegionSize</Name>
    <Value>_12</Value>
   </SOPCModuleParameter>
   <SOPCModuleParameter>
    <C>371</C>
    <Name>mpu_enabled</Name>
    <Value>false</Value>
   </SOPCModuleParameter>
   <SOPCModuleParameter>
    <C>372</C>
    <Name>mmu_uitlbNumEntries</Name>
    <Value>_4</Value>
   </SOPCModuleParameter>
   <SOPCModuleParameter>
    <C>373</C>
    <Name>mmu_udtlbNumEntries</Name>
    <Value>_6</Value>
   </SOPCModuleParameter>
   <SOPCModuleParameter>
    <C>374</C>
    <Name>mmu_tlbPtrSz</Name>
    <Value>_7</Value>
   </SOPCModuleParameter>
   <SOPCModuleParameter>
    <C>375</C>
    <Name>mmu_tlbNumWays</Name>
    <Value>_16</Value>
   </SOPCModuleParameter>
   <SOPCModuleParameter>
    <C>376</C>
    <Name>mmu_processIDNumBits</Name>
    <Value>_8</Value>
   </SOPCModuleParameter>
   <SOPCModuleParameter>
    <C>377</C>
    <Name>mmu_enabled</Name>
    <Value>false</Value>
   </SOPCModuleParameter>
   <SOPCModuleParameter>
    <C>378</C>
    <Name>mmu_autoAssignTlbPtrSz</Name>
    <Value>true</Value>
   </SOPCModuleParameter>
   <SOPCModuleParameter>
    <C>379</C>
    <Name>mmu_TLBMissExcSlave</Name>
    <Value></Value>
   </SOPCModuleParameter>
   <SOPCModuleParameter>
    <C>380</C>
    <Name>mmu_TLBMissExcOffset</Name>
    <Value>0</Value>
   </SOPCModuleParameter>
   <SOPCModuleParameter>
    <C>381</C>
    <Name>manuallyAssignCpuID</Name>
    <Value>false</Value>
   </SOPCModuleParameter>
   <SOPCModuleParameter>
    <C>382</C>
    <Name>internalIrqMaskSystemInfo</Name>
    <Value>15</Value>
   </SOPCModuleParameter>
   <SOPCModuleParameter>
    <C>383</C>
    <Name>instSlaveMapParam</Name>
    <Value><![CDATA[<address-map><slave name='sdram_0.s1' start='0x800000' end='0x1000000' /><slave name='cpu_0.jtag_debug_module' start='0x1000800' end='0x1001000' /></address-map>]]></Value>
   </SOPCModuleParameter>
   <SOPCModuleParameter>
    <C>384</C>
    <Name>instAddrWidth</Name>
    <Value>25</Value>
   </SOPCModuleParameter>
   <SOPCModuleParameter>
    <C>385</C>
    <Name>impl</Name>
    <Value>Small</Value>
   </SOPCModuleParameter>
   <SOPCModuleParameter>
    <C>386</C>
    <Name>icache_size</Name>
    <Value>_4096</Value>
   </SOPCModuleParameter>
   <SOPCModuleParameter>
    <C>387</C>
    <Name>icache_ramBlockType</Name>
    <Value>Automatic</Value>
   </SOPCModuleParameter>
   <SOPCModuleParameter>
    <C>388</C>
    <Name>icache_numTCIM</Name>
    <Value>_0</Value>
   </SOPCModuleParameter>
   <SOPCModuleParameter>
    <C>389</C>
    <Name>icache_burstType</Name>
    <Value>None</Value>
   </SOPCModuleParameter>
   <SOPCModuleParameter>
    <C>390</C>
    <Name>exceptionSlave</Name>
    <Value>sdram_0.s1</Value>
   </SOPCModuleParameter>
   <SOPCModuleParameter>
    <C>391</C>
    <Name>exceptionOffset</Name>
    <Value>32</Value>
   </SOPCModuleParameter>
   <SOPCModuleParameter>
    <C>392</C>
    <Name>deviceFeaturesSystemInfo</Name>
    <Value>M512_MEMORY 0 M4K_MEMORY 1 M9K_MEMORY 0 M20K_MEMORY 0 M144K_MEMORY 0 MRAM_MEMORY 0 MLAB_MEMORY 0 ESB 0 EPCS 1 DSP 0 EMUL 1 HARDCOPY 0 LVDS_IO 0 ADDRESS_STALL 1 TRANSCEIVER_3G_BLOCK 0 TRANSCEIVER_6G_BLOCK 0 DSP_SHIFTER_BLOCK 0</Value>
   </SOPCModuleParameter>
   <SOPCModuleParameter>
    <C>393</C>
    <Name>deviceFamilyName</Name>
    <Value>Cyclone II</Value>
   </SOPCModuleParameter>
   <SOPCModuleParameter>
    <C>394</C>
    <Name>debug_triggerArming</Name>
    <Value>true</Value>
   </SOPCModuleParameter>
   <SOPCModuleParameter>
    <C>395</C>
    <Name>debug_level</Name>
    <Value>Level1</Value>
   </SOPCModuleParameter>
   <SOPCModuleParameter>
    <C>396</C>
    <Name>debug_jtagInstanceID</Name>
    <Value>0</Value>
   </SOPCModuleParameter>
   <SOPCModuleParameter>
    <C>397</C>
    <Name>debug_embeddedPLL</Name>
    <Value>true</Value>
   </SOPCModuleParameter>
   <SOPCModuleParameter>
    <C>398</C>
    <Name>debug_debugReqSignals</Name>
    <Value>false</Value>
   </SOPCModuleParameter>
   <SOPCModuleParameter>
    <C>399</C>
    <Name>debug_assignJtagInstanceID</Name>
    <Value>false</Value>
   </SOPCModuleParameter>
   <SOPCModuleParameter>
    <C>400</C>
    <Name>debug_OCIOnchipTrace</Name>
    <Value>_128</Value>
   </SOPCModuleParameter>
   <SOPCModuleParameter>
    <C>401</C>
    <Name>dcache_size</Name>
    <Value>_2048</Value>
   </SOPCModuleParameter>
   <SOPCModuleParameter>
    <C>402</C>
    <Name>dcache_ramBlockType</Name>
    <Value>Automatic</Value>
   </SOPCModuleParameter>
   <SOPCModuleParameter>
    <C>403</C>
    <Name>dcache_omitDataMaster</Name>
    <Value>false</Value>
   </SOPCModuleParameter>
   <SOPCModuleParameter>
    <C>404</C>
    <Name>dcache_numTCDM</Name>
    <Value>_0</Value>
   </SOPCModuleParameter>
   <SOPCModuleParameter>
    <C>405</C>
    <Name>dcache_lineSize</Name>
    <Value>_32</Value>
   </SOPCModuleParameter>
   <SOPCModuleParameter>
    <C>406</C>
    <Name>dcache_bursts</Name>
    <Value>false</Value>
   </SOPCModuleParameter>
   <SOPCModuleParameter>
    <C>407</C>
    <Name>dataSlaveMapParam</Name>
    <Value><![CDATA[<address-map><slave name='sdram_0.s1' start='0x800000' end='0x1000000' /><slave name='cpu_0.jtag_debug_module' start='0x1000800' end='0x1001000' /><slave name='timer_0.s1' start='0x1001000' end='0x1001020' /><slave name='timer_1.s1' start='0x1001020' end='0x1001040' /><slave name='lcd_display.control_slave' start='0x1001040' end='0x1001050' /><slave name='led_pio.s1' start='0x1001050' end='0x1001060' /><slave name='seven_seg_pio.s1' start='0x1001060' end='0x1001070' /><slave name='button_pio.s1' start='0x1001070' end='0x1001080' /><slave name='green_led_pio.s1' start='0x1001080' end='0x1001090' /><slave name='red_led_pio.s1' start='0x1001090' end='0x10010A0' /><slave name='seven_seg_middle_pio.s1' start='0x10010A0' end='0x10010B0' /><slave name='seven_seg_right_pio.s1' start='0x10010B0' end='0x10010C0' /><slave name='switch_pio.s1' start='0x10010C0' end='0x10010D0' /><slave name='sysid.control_slave' start='0x10010D0' end='0x10010D8' /><slave name='jtag_uart_0.avalon_jtag_slave' start='0x10010D8' end='0x10010E0' /></address-map>]]></Value>
   </SOPCModuleParameter>
   <SOPCModuleParameter>
    <C>408</C>
    <Name>dataAddrWidth</Name>
    <Value>25</Value>
   </SOPCModuleParameter>
   <SOPCModuleParameter>
    <C>409</C>
    <Name>customInstSlavesSystemInfo</Name>
    <Value><![CDATA[<info/>]]></Value>
   </SOPCModuleParameter>
   <SOPCModuleParameter>
    <C>410</C>
    <Name>cpuReset</Name>
    <Value>false</Value>
   </SOPCModuleParameter>
   <SOPCModuleParameter>
    <C>411</C>
    <Name>cpuID</Name>
    <Value>0</Value>
   </SOPCModuleParameter>
   <SOPCModuleParameter>
    <C>412</C>
    <Name>clockFrequency</Name>
    <Value>50000000</Value>
   </SOPCModuleParameter>
   <SOPCModuleParameter>
    <C>413</C>
    <Name>breakSlave</Name>
    <Value>cpu_0.jtag_debug_module</Value>
   </SOPCModuleParameter>
   <SOPCModuleParameter>
    <C>414</C>
    <Name>breakOffset</Name>
    <Value>32</Value>
   </SOPCModuleParameter>
  </SOPCModule>
  <SOPCModule>
   <C>415</C>
   <ModuleType>altera_avalon_sysid</ModuleType>
   <SOPCModuleParameter>
    <C>416</C>
    <Name>id</Name>
    <Value>0</Value>
   </SOPCModuleParameter>
   <SOPCModuleParameter>
    <C>417</C>
    <Name>timestamp</Name>
    <Value>1378857897</Value>
   </SOPCModuleParameter>
  </SOPCModule>
  <SOPCModule>
   <C>418</C>
   <ModuleType>altera_avalon_jtag_uart</ModuleType>
   <SOPCModuleParameter>
    <C>419</C>
    <Name>allowMultipleConnections</Name>
    <Value>false</Value>
   </SOPCModuleParameter>
   <SOPCModuleParameter>
    <C>420</C>
    <Name>hubInstanceID</Name>
    <Value>0</Value>
   </SOPCModuleParameter>
   <SOPCModuleParameter>
    <C>421</C>
    <Name>readBufferDepth</Name>
    <Value>64</Value>
   </SOPCModuleParameter>
   <SOPCModuleParameter>
    <C>422</C>
    <Name>readIRQThreshold</Name>
    <Value>8</Value>
   </SOPCModuleParameter>
   <SOPCModuleParameter>
    <C>423</C>
    <Name>simInputCharacterStream</Name>
    <Value></Value>
   </SOPCModuleParameter>
   <SOPCModuleParameter>
    <C>424</C>
    <Name>simInteractiveOptions</Name>
    <Value>INTERACTIVE_ASCII_OUTPUT</Value>
   </SOPCModuleParameter>
   <SOPCModuleParameter>
    <C>425</C>
    <Name>useRegistersForReadBuffer</Name>
    <Value>false</Value>
   </SOPCModuleParameter>
   <SOPCModuleParameter>
    <C>426</C>
    <Name>useRegistersForWriteBuffer</Name>
    <Value>false</Value>
   </SOPCModuleParameter>
   <SOPCModuleParameter>
    <C>427</C>
    <Name>useRelativePathForSimFile</Name>
    <Value>false</Value>
   </SOPCModuleParameter>
   <SOPCModuleParameter>
    <C>428</C>
    <Name>writeBufferDepth</Name>
    <Value>64</Value>
   </SOPCModuleParameter>
   <SOPCModuleParameter>
    <C>429</C>
    <Name>writeIRQThreshold</Name>
    <Value>8</Value>
   </SOPCModuleParameter>
  </SOPCModule>
  <SOPCModule>
   <C>430</C>
   <ModuleType>altera_avalon_new_sdram_controller</ModuleType>
   <SOPCModuleParameter>
    <C>431</C>
    <Name>TAC</Name>
    <Value>5.5</Value>
   </SOPCModuleParameter>
   <SOPCModuleParameter>
    <C>432</C>
    <Name>TMRD</Name>
    <Value>3</Value>
   </SOPCModuleParameter>
   <SOPCModuleParameter>
    <C>433</C>
    <Name>TRCD</Name>
    <Value>20.0</Value>
   </SOPCModuleParameter>
   <SOPCModuleParameter>
    <C>434</C>
    <Name>TRFC</Name>
    <Value>70.0</Value>
   </SOPCModuleParameter>
   <SOPCModuleParameter>
    <C>435</C>
    <Name>TRP</Name>
    <Value>20.0</Value>
   </SOPCModuleParameter>
   <SOPCModuleParameter>
    <C>436</C>
    <Name>TWR</Name>
    <Value>14.0</Value>
   </SOPCModuleParameter>
   <SOPCModuleParameter>
    <C>437</C>
    <Name>casLatency</Name>
    <Value>3</Value>
   </SOPCModuleParameter>
   <SOPCModuleParameter>
    <C>438</C>
    <Name>clockRate</Name>
    <Value>50000000</Value>
   </SOPCModuleParameter>
   <SOPCModuleParameter>
    <C>439</C>
    <Name>columnWidth</Name>
    <Value>8</Value>
   </SOPCModuleParameter>
   <SOPCModuleParameter>
    <C>440</C>
    <Name>dataWidth</Name>
    <Value>16</Value>
   </SOPCModuleParameter>
   <SOPCModuleParameter>
    <C>441</C>
    <Name>generateSimulationModel</Name>
    <Value>false</Value>
   </SOPCModuleParameter>
   <SOPCModuleParameter>
    <C>442</C>
    <Name>initNOPDelay</Name>
    <Value>0.0</Value>
   </SOPCModuleParameter>
   <SOPCModuleParameter>
    <C>443</C>
    <Name>initRefreshCommands</Name>
    <Value>2</Value>
   </SOPCModuleParameter>
   <SOPCModuleParameter>
    <C>444</C>
    <Name>masteredTristateBridgeSlave</Name>
    <Value></Value>
   </SOPCModuleParameter>
   <SOPCModuleParameter>
    <C>445</C>
    <Name>model</Name>
    <Value>custom</Value>
   </SOPCModuleParameter>
   <SOPCModuleParameter>
    <C>446</C>
    <Name>numberOfBanks</Name>
    <Value>4</Value>
   </SOPCModuleParameter>
   <SOPCModuleParameter>
    <C>447</C>
    <Name>numberOfChipSelects</Name>
    <Value>1</Value>
   </SOPCModuleParameter>
   <SOPCModuleParameter>
    <C>448</C>
    <Name>pinsSharedViaTriState</Name>
    <Value>false</Value>
   </SOPCModuleParameter>
   <SOPCModuleParameter>
    <C>449</C>
    <Name>powerUpDelay</Name>
    <Value>100.0</Value>
   </SOPCModuleParameter>
   <SOPCModuleParameter>
    <C>450</C>
    <Name>refreshPeriod</Name>
    <Value>15.625</Value>
   </SOPCModuleParameter>
   <SOPCModuleParameter>
    <C>451</C>
    <Name>registerDataIn</Name>
    <Value>true</Value>
   </SOPCModuleParameter>
   <SOPCModuleParameter>
    <C>452</C>
    <Name>rowWidth</Name>
    <Value>12</Value>
   </SOPCModuleParameter>
   <SOPCModuleParameter>
    <C>453</C>
    <Name>size</Name>
    <Value>8388608</Value>
   </SOPCModuleParameter>
  </SOPCModule>
  <SOPCModule>
   <C>454</C>
   <ModuleType>altera_avalon_lcd_16207</ModuleType>
  </SOPCModule>
  <SOPCModule>
   <C>455</C>
   <ModuleType>altera_avalon_pio</ModuleType>
   <SOPCModuleParameter>
    <C>456</C>
    <Name>bitClearingEdgeCapReg</Name>
    <Value>false</Value>
   </SOPCModuleParameter>
   <SOPCModuleParameter>
    <C>457</C>
    <Name>bitModifyingOutReg</Name>
    <Value>false</Value>
   </SOPCModuleParameter>
   <SOPCModuleParameter>
    <C>458</C>
    <Name>captureEdge</Name>
    <Value>false</Value>
   </SOPCModuleParameter>
   <SOPCModuleParameter>
    <C>459</C>
    <Name>clockRate</Name>
    <Value>50000000</Value>
   </SOPCModuleParameter>
   <SOPCModuleParameter>
    <C>460</C>
    <Name>direction</Name>
    <Value>Output</Value>
   </SOPCModuleParameter>
   <SOPCModuleParameter>
    <C>461</C>
    <Name>edgeType</Name>
    <Value>RISING</Value>
   </SOPCModuleParameter>
   <SOPCModuleParameter>
    <C>462</C>
    <Name>generateIRQ</Name>
    <Value>false</Value>
   </SOPCModuleParameter>
   <SOPCModuleParameter>
    <C>463</C>
    <Name>irqType</Name>
    <Value>LEVEL</Value>
   </SOPCModuleParameter>
   <SOPCModuleParameter>
    <C>464</C>
    <Name>resetValue</Name>
    <Value>0</Value>
   </SOPCModuleParameter>
   <SOPCModuleParameter>
    <C>465</C>
    <Name>simDoTestBenchWiring</Name>
    <Value>false</Value>
   </SOPCModuleParameter>
   <SOPCModuleParameter>
    <C>466</C>
    <Name>simDrivenValue</Name>
    <Value>0</Value>
   </SOPCModuleParameter>
   <SOPCModuleParameter>
    <C>467</C>
    <Name>width</Name>
    <Value>8</Value>
   </SOPCModuleParameter>
  </SOPCModule>
  <SOPCModule>
   <C>468</C>
   <ModuleType>altera_avalon_pio</ModuleType>
   <SOPCModuleParameter>
    <C>469</C>
    <Name>bitClearingEdgeCapReg</Name>
    <Value>false</Value>
   </SOPCModuleParameter>
   <SOPCModuleParameter>
    <C>470</C>
    <Name>bitModifyingOutReg</Name>
    <Value>false</Value>
   </SOPCModuleParameter>
   <SOPCModuleParameter>
    <C>471</C>
    <Name>captureEdge</Name>
    <Value>false</Value>
   </SOPCModuleParameter>
   <SOPCModuleParameter>
    <C>472</C>
    <Name>clockRate</Name>
    <Value>50000000</Value>
   </SOPCModuleParameter>
   <SOPCModuleParameter>
    <C>473</C>
    <Name>direction</Name>
    <Value>Output</Value>
   </SOPCModuleParameter>
   <SOPCModuleParameter>
    <C>474</C>
    <Name>edgeType</Name>
    <Value>RISING</Value>
   </SOPCModuleParameter>
   <SOPCModuleParameter>
    <C>475</C>
    <Name>generateIRQ</Name>
    <Value>false</Value>
   </SOPCModuleParameter>
   <SOPCModuleParameter>
    <C>476</C>
    <Name>irqType</Name>
    <Value>LEVEL</Value>
   </SOPCModuleParameter>
   <SOPCModuleParameter>
    <C>477</C>
    <Name>resetValue</Name>
    <Value>0</Value>
   </SOPCModuleParameter>
   <SOPCModuleParameter>
    <C>478</C>
    <Name>simDoTestBenchWiring</Name>
    <Value>false</Value>
   </SOPCModuleParameter>
   <SOPCModuleParameter>
    <C>479</C>
    <Name>simDrivenValue</Name>
    <Value>0</Value>
   </SOPCModuleParameter>
   <SOPCModuleParameter>
    <C>480</C>
    <Name>width</Name>
    <Value>16</Value>
   </SOPCModuleParameter>
  </SOPCModule>
  <SOPCModule>
   <C>481</C>
   <ModuleType>altera_avalon_pio</ModuleType>
   <SOPCModuleParameter>
    <C>482</C>
    <Name>bitClearingEdgeCapReg</Name>
    <Value>false</Value>
   </SOPCModuleParameter>
   <SOPCModuleParameter>
    <C>483</C>
    <Name>bitModifyingOutReg</Name>
    <Value>false</Value>
   </SOPCModuleParameter>
   <SOPCModuleParameter>
    <C>484</C>
    <Name>captureEdge</Name>
    <Value>true</Value>
   </SOPCModuleParameter>
   <SOPCModuleParameter>
    <C>485</C>
    <Name>clockRate</Name>
    <Value>50000000</Value>
   </SOPCModuleParameter>
   <SOPCModuleParameter>
    <C>486</C>
    <Name>direction</Name>
    <Value>InOut</Value>
   </SOPCModuleParameter>
   <SOPCModuleParameter>
    <C>487</C>
    <Name>edgeType</Name>
    <Value>ANY</Value>
   </SOPCModuleParameter>
   <SOPCModuleParameter>
    <C>488</C>
    <Name>generateIRQ</Name>
    <Value>true</Value>
   </SOPCModuleParameter>
   <SOPCModuleParameter>
    <C>489</C>
    <Name>irqType</Name>
    <Value>EDGE</Value>
   </SOPCModuleParameter>
   <SOPCModuleParameter>
    <C>490</C>
    <Name>resetValue</Name>
    <Value>0</Value>
   </SOPCModuleParameter>
   <SOPCModuleParameter>
    <C>491</C>
    <Name>simDoTestBenchWiring</Name>
    <Value>false</Value>
   </SOPCModuleParameter>
   <SOPCModuleParameter>
    <C>492</C>
    <Name>simDrivenValue</Name>
    <Value>0</Value>
   </SOPCModuleParameter>
   <SOPCModuleParameter>
    <C>493</C>
    <Name>width</Name>
    <Value>4</Value>
   </SOPCModuleParameter>
  </SOPCModule>
  <SOPCModule>
   <C>494</C>
   <ModuleType>altera_avalon_timer</ModuleType>
   <SOPCModuleParameter>
    <C>495</C>
    <Name>alwaysRun</Name>
    <Value>false</Value>
   </SOPCModuleParameter>
   <SOPCModuleParameter>
    <C>496</C>
    <Name>counterSize</Name>
    <Value>32</Value>
   </SOPCModuleParameter>
   <SOPCModuleParameter>
    <C>497</C>
    <Name>fixedPeriod</Name>
    <Value>false</Value>
   </SOPCModuleParameter>
   <SOPCModuleParameter>
    <C>498</C>
    <Name>period</Name>
    <Value>1</Value>
   </SOPCModuleParameter>
   <SOPCModuleParameter>
    <C>499</C>
    <Name>periodUnits</Name>
    <Value>MSEC</Value>
   </SOPCModuleParameter>
   <SOPCModuleParameter>
    <C>500</C>
    <Name>resetOutput</Name>
    <Value>false</Value>
   </SOPCModuleParameter>
   <SOPCModuleParameter>
    <C>501</C>
    <Name>snapshot</Name>
    <Value>true</Value>
   </SOPCModuleParameter>
   <SOPCModuleParameter>
    <C>502</C>
    <Name>systemFrequency</Name>
    <Value>50000000</Value>
   </SOPCModuleParameter>
   <SOPCModuleParameter>
    <C>503</C>
    <Name>timeoutPulseOutput</Name>
    <Value>false</Value>
   </SOPCModuleParameter>
   <SOPCModuleParameter>
    <C>504</C>
    <Name>timerPreset</Name>
    <Value>CUSTOM</Value>
   </SOPCModuleParameter>
  </SOPCModule>
  <SOPCModule>
   <C>505</C>
   <ModuleType>altera_avalon_timer</ModuleType>
   <SOPCModuleParameter>
    <C>506</C>
    <Name>alwaysRun</Name>
    <Value>false</Value>
   </SOPCModuleParameter>
   <SOPCModuleParameter>
    <C>507</C>
    <Name>counterSize</Name>
    <Value>32</Value>
   </SOPCModuleParameter>
   <SOPCModuleParameter>
    <C>508</C>
    <Name>fixedPeriod</Name>
    <Value>false</Value>
   </SOPCModuleParameter>
   <SOPCModuleParameter>
    <C>509</C>
    <Name>period</Name>
    <Value>10</Value>
   </SOPCModuleParameter>
   <SOPCModuleParameter>
    <C>510</C>
    <Name>periodUnits</Name>
    <Value>USEC</Value>
   </SOPCModuleParameter>
   <SOPCModuleParameter>
    <C>511</C>
    <Name>resetOutput</Name>
    <Value>false</Value>
   </SOPCModuleParameter>
   <SOPCModuleParameter>
    <C>512</C>
    <Name>snapshot</Name>
    <Value>true</Value>
   </SOPCModuleParameter>
   <SOPCModuleParameter>
    <C>513</C>
    <Name>systemFrequency</Name>
    <Value>50000000</Value>
   </SOPCModuleParameter>
   <SOPCModuleParameter>
    <C>514</C>
    <Name>timeoutPulseOutput</Name>
    <Value>false</Value>
   </SOPCModuleParameter>
   <SOPCModuleParameter>
    <C>515</C>
    <Name>timerPreset</Name>
    <Value>CUSTOM</Value>
   </SOPCModuleParameter>
  </SOPCModule>
  <SOPCModule>
   <C>516</C>
   <ModuleType>altera_avalon_pio</ModuleType>
   <SOPCModuleParameter>
    <C>517</C>
    <Name>bitClearingEdgeCapReg</Name>
    <Value>false</Value>
   </SOPCModuleParameter>
   <SOPCModuleParameter>
    <C>518</C>
    <Name>bitModifyingOutReg</Name>
    <Value>false</Value>
   </SOPCModuleParameter>
   <SOPCModuleParameter>
    <C>519</C>
    <Name>captureEdge</Name>
    <Value>false</Value>
   </SOPCModuleParameter>
   <SOPCModuleParameter>
    <C>520</C>
    <Name>clockRate</Name>
    <Value>50000000</Value>
   </SOPCModuleParameter>
   <SOPCModuleParameter>
    <C>521</C>
    <Name>direction</Name>
    <Value>Output</Value>
   </SOPCModuleParameter>
   <SOPCModuleParameter>
    <C>522</C>
    <Name>edgeType</Name>
    <Value>RISING</Value>
   </SOPCModuleParameter>
   <SOPCModuleParameter>
    <C>523</C>
    <Name>generateIRQ</Name>
    <Value>false</Value>
   </SOPCModuleParameter>
   <SOPCModuleParameter>
    <C>524</C>
    <Name>irqType</Name>
    <Value>LEVEL</Value>
   </SOPCModuleParameter>
   <SOPCModuleParameter>
    <C>525</C>
    <Name>resetValue</Name>
    <Value>0</Value>
   </SOPCModuleParameter>
   <SOPCModuleParameter>
    <C>526</C>
    <Name>simDoTestBenchWiring</Name>
    <Value>false</Value>
   </SOPCModuleParameter>
   <SOPCModuleParameter>
    <C>527</C>
    <Name>simDrivenValue</Name>
    <Value>0</Value>
   </SOPCModuleParameter>
   <SOPCModuleParameter>
    <C>528</C>
    <Name>width</Name>
    <Value>8</Value>
   </SOPCModuleParameter>
  </SOPCModule>
  <SOPCModule>
   <C>529</C>
   <ModuleType>altera_avalon_pio</ModuleType>
   <SOPCModuleParameter>
    <C>530</C>
    <Name>bitClearingEdgeCapReg</Name>
    <Value>false</Value>
   </SOPCModuleParameter>
   <SOPCModuleParameter>
    <C>531</C>
    <Name>bitModifyingOutReg</Name>
    <Value>false</Value>
   </SOPCModuleParameter>
   <SOPCModuleParameter>
    <C>532</C>
    <Name>captureEdge</Name>
    <Value>false</Value>
   </SOPCModuleParameter>
   <SOPCModuleParameter>
    <C>533</C>
    <Name>clockRate</Name>
    <Value>50000000</Value>
   </SOPCModuleParameter>
   <SOPCModuleParameter>
    <C>534</C>
    <Name>direction</Name>
    <Value>Output</Value>
   </SOPCModuleParameter>
   <SOPCModuleParameter>
    <C>535</C>
    <Name>edgeType</Name>
    <Value>RISING</Value>
   </SOPCModuleParameter>
   <SOPCModuleParameter>
    <C>536</C>
    <Name>generateIRQ</Name>
    <Value>false</Value>
   </SOPCModuleParameter>
   <SOPCModuleParameter>
    <C>537</C>
    <Name>irqType</Name>
    <Value>LEVEL</Value>
   </SOPCModuleParameter>
   <SOPCModuleParameter>
    <C>538</C>
    <Name>resetValue</Name>
    <Value>0</Value>
   </SOPCModuleParameter>
   <SOPCModuleParameter>
    <C>539</C>
    <Name>simDoTestBenchWiring</Name>
    <Value>false</Value>
   </SOPCModuleParameter>
   <SOPCModuleParameter>
    <C>540</C>
    <Name>simDrivenValue</Name>
    <Value>0</Value>
   </SOPCModuleParameter>
   <SOPCModuleParameter>
    <C>541</C>
    <Name>width</Name>
    <Value>8</Value>
   </SOPCModuleParameter>
  </SOPCModule>
  <SOPCModule>
   <C>542</C>
   <ModuleType>altera_avalon_pio</ModuleType>
   <SOPCModuleParameter>
    <C>543</C>
    <Name>bitClearingEdgeCapReg</Name>
    <Value>false</Value>
   </SOPCModuleParameter>
   <SOPCModuleParameter>
    <C>544</C>
    <Name>bitModifyingOutReg</Name>
    <Value>false</Value>
   </SOPCModuleParameter>
   <SOPCModuleParameter>
    <C>545</C>
    <Name>captureEdge</Name>
    <Value>false</Value>
   </SOPCModuleParameter>
   <SOPCModuleParameter>
    <C>546</C>
    <Name>clockRate</Name>
    <Value>50000000</Value>
   </SOPCModuleParameter>
   <SOPCModuleParameter>
    <C>547</C>
    <Name>direction</Name>
    <Value>Output</Value>
   </SOPCModuleParameter>
   <SOPCModuleParameter>
    <C>548</C>
    <Name>edgeType</Name>
    <Value>RISING</Value>
   </SOPCModuleParameter>
   <SOPCModuleParameter>
    <C>549</C>
    <Name>generateIRQ</Name>
    <Value>false</Value>
   </SOPCModuleParameter>
   <SOPCModuleParameter>
    <C>550</C>
    <Name>irqType</Name>
    <Value>LEVEL</Value>
   </SOPCModuleParameter>
   <SOPCModuleParameter>
    <C>551</C>
    <Name>resetValue</Name>
    <Value>0</Value>
   </SOPCModuleParameter>
   <SOPCModuleParameter>
    <C>552</C>
    <Name>simDoTestBenchWiring</Name>
    <Value>false</Value>
   </SOPCModuleParameter>
   <SOPCModuleParameter>
    <C>553</C>
    <Name>simDrivenValue</Name>
    <Value>0</Value>
   </SOPCModuleParameter>
   <SOPCModuleParameter>
    <C>554</C>
    <Name>width</Name>
    <Value>16</Value>
   </SOPCModuleParameter>
  </SOPCModule>
  <SOPCModule>
   <C>555</C>
   <ModuleType>altera_avalon_pio</ModuleType>
   <SOPCModuleParameter>
    <C>556</C>
    <Name>bitClearingEdgeCapReg</Name>
    <Value>false</Value>
   </SOPCModuleParameter>
   <SOPCModuleParameter>
    <C>557</C>
    <Name>bitModifyingOutReg</Name>
    <Value>false</Value>
   </SOPCModuleParameter>
   <SOPCModuleParameter>
    <C>558</C>
    <Name>captureEdge</Name>
    <Value>false</Value>
   </SOPCModuleParameter>
   <SOPCModuleParameter>
    <C>559</C>
    <Name>clockRate</Name>
    <Value>50000000</Value>
   </SOPCModuleParameter>
   <SOPCModuleParameter>
    <C>560</C>
    <Name>direction</Name>
    <Value>Output</Value>
   </SOPCModuleParameter>
   <SOPCModuleParameter>
    <C>561</C>
    <Name>edgeType</Name>
    <Value>RISING</Value>
   </SOPCModuleParameter>
   <SOPCModuleParameter>
    <C>562</C>
    <Name>generateIRQ</Name>
    <Value>false</Value>
   </SOPCModuleParameter>
   <SOPCModuleParameter>
    <C>563</C>
    <Name>irqType</Name>
    <Value>LEVEL</Value>
   </SOPCModuleParameter>
   <SOPCModuleParameter>
    <C>564</C>
    <Name>resetValue</Name>
    <Value>0</Value>
   </SOPCModuleParameter>
   <SOPCModuleParameter>
    <C>565</C>
    <Name>simDoTestBenchWiring</Name>
    <Value>false</Value>
   </SOPCModuleParameter>
   <SOPCModuleParameter>
    <C>566</C>
    <Name>simDrivenValue</Name>
    <Value>0</Value>
   </SOPCModuleParameter>
   <SOPCModuleParameter>
    <C>567</C>
    <Name>width</Name>
    <Value>32</Value>
   </SOPCModuleParameter>
  </SOPCModule>
  <SOPCModule>
   <C>568</C>
   <ModuleType>altera_avalon_pio</ModuleType>
   <SOPCModuleParameter>
    <C>569</C>
    <Name>bitClearingEdgeCapReg</Name>
    <Value>false</Value>
   </SOPCModuleParameter>
   <SOPCModuleParameter>
    <C>570</C>
    <Name>bitModifyingOutReg</Name>
    <Value>false</Value>
   </SOPCModuleParameter>
   <SOPCModuleParameter>
    <C>571</C>
    <Name>captureEdge</Name>
    <Value>false</Value>
   </SOPCModuleParameter>
   <SOPCModuleParameter>
    <C>572</C>
    <Name>clockRate</Name>
    <Value>50000000</Value>
   </SOPCModuleParameter>
   <SOPCModuleParameter>
    <C>573</C>
    <Name>direction</Name>
    <Value>Input</Value>
   </SOPCModuleParameter>
   <SOPCModuleParameter>
    <C>574</C>
    <Name>edgeType</Name>
    <Value>RISING</Value>
   </SOPCModuleParameter>
   <SOPCModuleParameter>
    <C>575</C>
    <Name>generateIRQ</Name>
    <Value>false</Value>
   </SOPCModuleParameter>
   <SOPCModuleParameter>
    <C>576</C>
    <Name>irqType</Name>
    <Value>LEVEL</Value>
   </SOPCModuleParameter>
   <SOPCModuleParameter>
    <C>577</C>
    <Name>resetValue</Name>
    <Value>0</Value>
   </SOPCModuleParameter>
   <SOPCModuleParameter>
    <C>578</C>
    <Name>simDoTestBenchWiring</Name>
    <Value>false</Value>
   </SOPCModuleParameter>
   <SOPCModuleParameter>
    <C>579</C>
    <Name>simDrivenValue</Name>
    <Value>0</Value>
   </SOPCModuleParameter>
   <SOPCModuleParameter>
    <C>580</C>
    <Name>width</Name>
    <Value>16</Value>
   </SOPCModuleParameter>
  </SOPCModule>
  <SystemID>173816784</SystemID>
 </SOPCSystem>
 <SchemaVersion>schema_2010-09-15</SchemaVersion>
</ProgramExecution>
